color,word,corr_resp,thisN,thisTrialN,thisRepN,key_resp.keys,key_resp.corr,key_resp.rt,key_resp.duration,stroop_loop.thisRepN,stroop_loop.thisTrialN,stroop_loop.thisN,stroop_loop.thisIndex,thisRow.t,notes,Start.started,textIntro.started,key_resp_intro.started,Start.stopped,key_resp_intro.keys,key_resp_intro.rt,key_resp_intro.duration,trial_r.started,fixation.started,fixation.stopped,stroop.started,key_resp.started,trial_r.stopped,stroop_loop.key_resp.keys,stroop_loop.key_resp.corr,stroop_loop.key_resp.rt,stroop_loop.key_resp.duration,End.started,textThankYou.started,textThankYou.stopped,End.stopped,participant,session,date,expName,psychopyVersion,frameRate,expStart,
,,,,,,,,,,,,,,,,0.03188129199998002,0.051255625000067084,0.9929354580001473,2.2803139170000577,space,1.2170730410000488,None,,,,,,,,,,,,,,,001,001,2026-09-10_20h04.27.747,stroop,2024.2.4,None,2026-09-10 20h05.09.883024 +0530,
red,Red,y,0,0,0,y,1,0.6238172079999913,None,0,0,0,0,2.3499373750000814,,,,,,,,,2.294693792000089,2.3499373750000814,2.842294708000054,3.285153833000095,3.285153833000095,3.912172000000055,y,1,0.6238172079999913,None,,,,,001,001,2026-09-10_20h04.27.747,stroop,2024.2.4,None,2026-09-10 20h05.09.883024 +0530,
yellow,Orange,n,1,1,0,n,1,0.9139705000000049,None,0,1,1,5,3.929814542000031,,,,,,,,,3.9199654999999893,3.929814542000031,4.425221875000034,4.9132682080000905,4.9132682080000905,5.8396170420001,n,1,0.9139705000000049,None,,,,,001,001,2026-09-10_20h04.27.747,stroop,2024.2.4,None,2026-09-10 20h05.09.883024 +0530,
orange,Yellow,n,2,2,0,n,1,0.4594132089998766,None,0,2,2,6,5.856487333000132,,,,,,,,,5.845593792000045,5.856487333000132,6.354014167000059,6.837163832999977,6.837163832999977,7.306679792000068,n,1,0.4594132089998766,None,,,,,001,001,2026-09-10_20h04.27.747,stroop,2024.2.4,None,2026-09-10 20h05.09.883024 +0530,
green,Blue,n,3,3,0,n,1,0.6102123330001632,None,0,3,3,2,7.32238058300004,,,,,,,,,7.312860833000059,7.32238058300004,7.809535167000149,8.30385716700016,8.30385716700016,8.922509624999975,n,1,0.6102123330001632,None,,,,,001,001,2026-09-10_20h04.27.747,stroop,2024.2.4,None,2026-09-10 20h05.09.883024 +0530,
purple,Purple,y,4,4,0,y,1,0.6179392500000631,None,0,4,4,4,8.938625750000028,,,,,,,,,8.929187875000025,8.938625750000028,9.437388499999997,9.9141004170001,9.9141004170001,10.539553332999958,y,1,0.6179392500000631,None,,,,,001,001,2026-09-10_20h04.27.747,stroop,2024.2.4,None,2026-09-10 20h05.09.883024 +0530,
blue,Green,n,5,5,0,n,1,0.5239087080001354,None,0,5,5,1,10.556377042000122,,,,,,,,,10.54601837500013,10.556377042000122,11.054350083000145,11.537080750000086,11.537080750000086,12.06234858300013,n,1,0.5239087080001354,None,,,,,001,001,2026-09-10_20h04.27.747,stroop,2024.2.4,None,2026-09-10 20h05.09.883024 +0530,
pink,Pink,y,6,6,0,y,1,0.6361825829999361,None,0,6,6,3,12.08748433300002,,,,,,,,,12.064790916999982,12.08748433300002,12.576242542000045,13.063281624999945,13.063281624999945,13.706545000000006,y,1,0.6361825829999361,None,,,,,001,001,2026-09-10_20h04.27.747,stroop,2024.2.4,None,2026-09-10 20h05.09.883024 +0530,
orange,Yellow,n,7,0,1,n,1,0.9187739159999637,None,1,0,7,6,13.719626625000046,,,,,,,,,13.710535542000116,13.719626625000046,14.209537958000055,14.703826082999967,14.703826082999967,15.62821925000003,n,1,0.9187739159999637,None,,,,,001,001,2026-09-10_20h04.27.747,stroop,2024.2.4,None,2026-09-10 20h05.09.883024 +0530,
green,Blue,n,8,1,1,n,1,0.8729813749998812,None,1,1,8,2,15.637115833000053,,,,,,,,,15.629899042000034,15.637115833000053,16.127004124999985,16.62798183300015,16.62798183300015,17.506429917000105,n,1,0.8729813749998812,None,,,,,001,001,2026-09-10_20h04.27.747,stroop,2024.2.4,None,2026-09-10 20h05.09.883024 +0530,
red,Red,y,9,2,1,y,1,0.6635680830002002,None,1,2,9,0,17.519495875000075,,,,,,,,,17.509619875,17.519495875000075,18.009739957999955,18.504084124999963,18.504084124999963,19.172860750000154,y,1,0.6635680830002002,None,,,,,001,001,2026-09-10_20h04.27.747,stroop,2024.2.4,None,2026-09-10 20h05.09.883024 +0530,
pink,Pink,y,10,3,1,y,1,0.8800569580000683,None,1,3,10,3,19.184158417000162,,,,,,,,,19.17641791699998,19.184158417000162,19.677371042000004,20.17092379199994,20.17092379199994,21.05680058300004,y,1,0.8800569580000683,None,,,,,001,001,2026-09-10_20h04.27.747,stroop,2024.2.4,None,2026-09-10 20h05.09.883024 +0530,
purple,Purple,y,11,4,1,y,1,0.9370938330000627,None,1,4,11,4,21.07028358299999,,,,,,,,,21.061214500000006,21.07028358299999,21.559434792000047,22.05426754200016,22.05426754200016,22.9963022500001,y,1,0.9370938330000627,None,,,,,001,001,2026-09-10_20h04.27.747,stroop,2024.2.4,None,2026-09-10 20h05.09.883024 +0530,
blue,Green,n,12,5,1,n,1,0.6775033750000148,None,1,5,12,1,23.010719750000135,,,,,,,,,23.000396292000005,23.010719750000135,23.50969158299995,23.996838125000068,23.996838125000068,24.679156292000016,n,1,0.6775033750000148,None,,,,,001,001,2026-09-10_20h04.27.747,stroop,2024.2.4,None,2026-09-10 20h05.09.883024 +0530,
yellow,Orange,n,13,6,1,n,1,1.376427958000022,None,1,6,13,5,24.69314954200013,,,,,,,,,24.684308916999953,24.69314954200013,25.188253667000026,25.67995700000006,25.67995700000006,27.068868083000098,n,1,1.376427958000022,None,,,,,001,001,2026-09-10_20h04.27.747,stroop,2024.2.4,None,2026-09-10 20h05.09.883024 +0530,
purple,Purple,y,14,0,2,y,1,1.610701084000084,None,2,0,14,4,27.07870154200009,,,,,,,,,27.07283062500005,27.07870154200009,27.577296958000034,28.064149374999943,28.064149374999943,29.679060041999946,y,1,1.610701084000084,None,,,,,001,001,2026-09-10_20h04.27.747,stroop,2024.2.4,None,2026-09-10 20h05.09.883024 +0530,
green,Blue,n,15,1,2,n,1,0.8935091250000369,None,2,1,15,2,29.6922790000001,,,,,,,,,29.68268887499994,29.6922790000001,30.188597625000057,30.680537624999943,30.680537624999943,31.58078254200018,n,1,0.8935091250000369,None,,,,,001,001,2026-09-10_20h04.27.747,stroop,2024.2.4,None,2026-09-10 20h05.09.883024 +0530,
red,Red,y,16,2,2,y,1,0.6925640419999581,None,2,2,16,0,31.592759791999924,,,,,,,,,31.583993208000265,31.592759791999924,32.08844266699998,32.58058933300026,32.58058933300026,33.279495000000225,y,1,0.6925640419999581,None,,,,,001,001,2026-09-10_20h04.27.747,stroop,2024.2.4,None,2026-09-10 20h05.09.883024 +0530,
pink,Pink,y,17,3,2,y,1,0.7319066249997377,None,2,3,17,3,33.29275004200008,,,,,,,,,33.28365904200018,33.29275004200008,33.78862304199993,34.2810800000002,34.2810800000002,35.02366625000013,y,1,0.7319066249997377,None,,,,,001,001,2026-09-10_20h04.27.747,stroop,2024.2.4,None,2026-09-10 20h05.09.883024 +0530,
orange,Yellow,n,18,4,2,n,1,0.8142278750001424,None,2,4,18,6,35.03590441699998,,,,,,,,,35.02720929199995,35.03590441699998,35.526643582999895,36.02139612500014,36.02139612500014,36.841851874999975,n,1,0.8142278750001424,None,,,,,001,001,2026-09-10_20h04.27.747,stroop,2024.2.4,None,2026-09-10 20h05.09.883024 +0530,
blue,Green,n,19,5,2,n,1,1.120740416999979,None,2,5,19,1,36.85610287500003,,,,,,,,,36.846407,36.85610287500003,37.34409891699988,37.838127458000145,37.838127458000145,38.96320987499985,n,1,1.120740416999979,None,,,,,001,001,2026-09-10_20h04.27.747,stroop,2024.2.4,None,2026-09-10 20h05.09.883024 +0530,
yellow,Orange,n,20,6,2,n,1,0.8359321670000099,None,2,6,20,5,38.97632874999999,,,,,,,,,38.96687170799987,38.97632874999999,39.47233637499994,39.964031417000115,39.964031417000115,40.80822758300019,n,1,0.8359321670000099,None,,,,,001,001,2026-09-10_20h04.27.747,stroop,2024.2.4,None,2026-09-10 20h05.09.883024 +0530,
,,,,,,,,,,,,,,,,,,,,,,,,,,,,,,,,,40.80848679200017,40.8187634169999,42.81112600000006,42.806865542000196,001,001,2026-09-10_20h04.27.747,stroop,2024.2.4,None,2026-09-10 20h05.09.883024 +0530,
