stair.thisTrialN,stair.stepSize,stair.intensity,thisRow.t,notes,Introduction.started,textIntro.started,key_resp_intro.started,Introduction.stopped,key_resp_intro.keys,key_resp_intro.rt,key_resp_intro.duration,trial.started,fixation.started,grating.started,key_resp.started,fixation.stopped,grating.stopped,trial.stopped,corrAns,tilt,key_resp.corr,stair.response,key_resp.rt,End.started,thankyou.started,thankyou.stopped,End.stopped,participant,session,date,expName,psychopyVersion,frameRate,expStart,
,,,,,0.015163291999670037,0.023129958999561495,0.9971633750001274,7.397204416999557,space,6.342331666999598,None,,,,,,,,,,,,,,,,,MT01,001,2026-09-27_22h19.45.371,staircase,2024.2.4,None,2026-09-27 22h19.59.882550 +0530,
0,2,10.0,7.428879000000052,,,,,,,,,7.399817000000439,7.428879000000052,7.901887959000305,7.901887959000305,7.92576391700004,8.197250500000337,8.578249416999824,right,10.0,1,1,0.6663084170004367,,,,,MT01,001,2026-09-27_22h19.45.371,staircase,2024.2.4,None,2026-09-27 22h19.59.882550 +0530,
1,2,8.0,8.752471417000379,,,,,,,,,8.578691042000173,8.752471417000379,9.075903625000137,9.075903625000137,9.24768879200019,9.363901083999735,9.52819904199987,right,8.0,1,1,0.4415081659999487,,,,,MT01,001,2026-09-27_22h19.45.371,staircase,2024.2.4,None,2026-09-27 22h19.59.882550 +0530,
2,2,6.0,9.555207792000147,,,,,,,,,9.52856200000042,9.555207792000147,10.025773125000342,10.025773125000342,10.047003917000438,10.317511084000216,10.56153254200035,right,6.0,1,1,0.5250158340004418,,,,,MT01,001,2026-09-27_22h19.45.371,staircase,2024.2.4,None,2026-09-27 22h19.59.882550 +0530,
3,2,4.0,10.570684584000446,,,,,,,,,10.561919042000227,10.570684584000446,11.058638167000026,11.058638167000026,11.064586999999847,11.347449750000123,11.666787625000325,right,4.0,1,1,0.6030298750001748,,,,,MT01,001,2026-09-27_22h19.45.371,staircase,2024.2.4,None,2026-09-27 22h19.59.882550 +0530,
4,2,2.0,11.675218999999743,,,,,,,,,11.667015291999633,11.675218999999743,12.165682167000341,12.165682167000341,12.165682167000341,12.464729334000367,13.082573583999874,right,2.0,1,1,0.913621833000434,,,,,MT01,001,2026-09-27_22h19.45.371,staircase,2024.2.4,None,2026-09-27 22h19.59.882550 +0530,
5,2,1.0,13.091904791999696,,,,,,,,,13.082812999999987,13.091904791999696,13.57551925000007,13.57551925000007,13.581470000000081,13.865093999999772,14.27789174999998,right,1.0,1,1,0.6911805419995289,,,,,MT01,001,2026-09-27_22h19.45.371,staircase,2024.2.4,None,2026-09-27 22h19.59.882550 +0530,
6,2,1.0,14.286771709000277,,,,,,,,,14.278203541999574,14.286771709000277,14.77585687499959,14.77585687499959,14.782212875000369,15.064110166999853,15.366283416999977,left,-1.0,1,1,0.5848782080001911,,,,,MT01,001,2026-09-27_22h19.45.371,staircase,2024.2.4,None,2026-09-27 22h19.59.882550 +0530,
7,2,1.0,15.375340874999893,,,,,,,,,15.36657862500033,15.375340874999893,15.866286417000083,15.866286417000083,15.866286417000083,16.16446524999992,16.700239249999868,left,-1.0,0,0,0.8284277920001841,,,,,MT01,001,2026-09-27_22h19.45.371,staircase,2024.2.4,None,2026-09-27 22h19.59.882550 +0530,
8,2,3.0,16.70866345899958,,,,,,,,,16.7004909999996,16.70866345899958,17.19881012499991,17.19881012499991,17.19881012499991,17.492635542000244,17.950935124999887,right,3.0,1,1,0.7456666660000337,,,,,MT01,001,2026-09-27_22h19.45.371,staircase,2024.2.4,None,2026-09-27 22h19.59.882550 +0530,
9,2,3.0,17.959460791999845,,,,,,,,,17.951235208999606,17.959460791999845,18.449306999999862,18.449306999999862,18.449306999999862,18.747659583999848,19.296750833999795,right,3.0,1,1,0.8446270829999776,,,,,MT01,001,2026-09-27_22h19.45.371,staircase,2024.2.4,None,2026-09-27 22h19.59.882550 +0530,
10,2,3.0,19.305988541999795,,,,,,,,,19.297239167000043,19.305988541999795,19.79278024999985,19.79278024999985,19.799153916999785,20.08152120900013,20.395031875000313,left,-3.0,1,1,0.5960515409997242,,,,,MT01,001,2026-09-27_22h19.45.371,staircase,2024.2.4,None,2026-09-27 22h19.59.882550 +0530,
11,2,1.0,20.403139125000052,,,,,,,,,20.39532233400041,20.403139125000052,20.89272387500023,20.89272387500023,20.89909862500008,21.181338999999753,21.584252249999736,left,-1.0,0,0,0.6861086250000881,,,,,MT01,001,2026-09-27_22h19.45.371,staircase,2024.2.4,None,2026-09-27 22h19.59.882550 +0530,
12,2,3.0,21.592751000000135,,,,,,,,,21.584607167000286,21.592751000000135,22.081935500000327,22.081935500000327,22.081935500000327,22.37601066699972,22.701331041999765,right,3.0,1,1,0.6138996669997141,,,,,MT01,001,2026-09-27_22h19.45.371,staircase,2024.2.4,None,2026-09-27 22h19.59.882550 +0530,
13,2,3.0,22.709628708999844,,,,,,,,,22.7016157500002,22.709628708999844,23.1981453340004,23.1981453340004,23.1981453340004,23.49296866700024,23.828007250000155,left,-3.0,1,1,0.6246933749998789,,,,,MT01,001,2026-09-27_22h19.45.371,staircase,2024.2.4,None,2026-09-27 22h19.59.882550 +0530,
14,2,3.0,23.83671675000005,,,,,,,,,23.828298166999957,23.83671675000005,24.326853249999658,24.326853249999658,24.333187709000413,24.614651042000332,24.951213624999582,left,-3.0,1,1,0.6197910410000986,,,,,MT01,001,2026-09-27_22h19.45.371,staircase,2024.2.4,None,2026-09-27 22h19.59.882550 +0530,
15,2,1.0,24.95938275000026,,,,,,,,,24.951461083999675,24.95938275000026,25.45033870899988,25.45033870899988,25.45033870899988,25.747964334000244,26.101064917000258,right,1.0,1,1,0.6453597919999083,,,,,MT01,001,2026-09-27_22h19.45.371,staircase,2024.2.4,None,2026-09-27 22h19.59.882550 +0530,
16,2,1.0,26.109808541999882,,,,,,,,,26.10136708400023,26.109808541999882,26.59969920900039,26.59969920900039,26.59969920900039,26.898324458999923,27.178561458999866,right,1.0,1,1,0.5737354170005347,,,,,MT01,001,2026-09-27_22h19.45.371,staircase,2024.2.4,None,2026-09-27 22h19.59.882550 +0530,
17,2,1.0,27.18734187500013,,,,,,,,,27.17885333400045,27.18734187500013,27.676593875000435,27.676593875000435,27.68309579200013,27.96477679199961,28.284175333999883,left,-1.0,1,1,0.6013714579994485,,,,,MT01,001,2026-09-27_22h19.45.371,staircase,2024.2.4,None,2026-09-27 22h19.59.882550 +0530,
18,2,1.0,28.292352333999588,,,,,,,,,28.284453125000255,28.292352333999588,28.78319379200002,28.78319379200002,28.78319379200002,29.076192458999685,29.61175708399969,right,1.0,1,1,0.8232197090001137,,,,,MT01,001,2026-09-27_22h19.45.371,staircase,2024.2.4,None,2026-09-27 22h19.59.882550 +0530,
19,2,1.0,29.62069312499989,,,,,,,,,29.612060000000383,29.62069312499989,30.109729625,30.109729625,30.115784708999854,30.39813583399973,30.784356459000264,right,1.0,1,1,0.6681395829991743,,,,,MT01,001,2026-09-27_22h19.45.371,staircase,2024.2.4,None,2026-09-27 22h19.59.882550 +0530,
20,2,1.0,30.793196292000175,,,,,,,,,30.784681916999943,30.793196292000175,31.282417667000118,31.282417667000118,31.282417667000118,31.576494083999933,32.01808804200027,right,1.0,1,1,0.729398124999534,,,,,MT01,001,2026-09-27_22h19.45.371,staircase,2024.2.4,None,2026-09-27 22h19.59.882550 +0530,
21,2,1.0,32.02628616699985,,,,,,,,,32.01835691700035,32.02628616699985,32.51623550000022,32.51623550000022,32.51623550000022,32.81051649999972,33.21687304199986,left,-1.0,0,0,0.6956610420002107,,,,,MT01,001,2026-09-27_22h19.45.371,staircase,2024.2.4,None,2026-09-27 22h19.59.882550 +0530,
22,2,3.0,33.22612883399961,,,,,,,,,33.217185999999856,33.22612883399961,33.71603537499959,33.71603537499959,33.71603537499959,34.009971000000405,34.41784416700011,left,-3.0,1,1,0.699178667000524,,,,,MT01,001,2026-09-27_22h19.45.371,staircase,2024.2.4,None,2026-09-27 22h19.59.882550 +0530,
23,2,3.0,34.42640508400018,,,,,,,,,34.41808208400016,34.42640508400018,34.91712316699977,34.91712316699977,34.91712316699977,35.215406459000405,35.617987874999926,left,-3.0,1,1,0.6949265420007578,,,,,MT01,001,2026-09-27_22h19.45.371,staircase,2024.2.4,None,2026-09-27 22h19.59.882550 +0530,
24,2,3.0,35.626325666999946,,,,,,,,,35.61827174999962,35.626325666999946,36.11578983399977,36.11578983399977,36.11578983399977,36.41007600000012,36.77914412500013,right,3.0,1,1,0.6549980419995336,,,,,MT01,001,2026-09-27_22h19.45.371,staircase,2024.2.4,None,2026-09-27 22h19.59.882550 +0530,
25,2,1.0,36.787960792000376,,,,,,,,,36.77953012499984,36.787960792000376,37.27653129200007,37.27653129200007,37.282982249999804,37.56517054199958,37.862248917000215,left,-1.0,1,1,0.5745393750003132,,,,,MT01,001,2026-09-27_22h19.45.371,staircase,2024.2.4,None,2026-09-27 22h19.59.882550 +0530,
26,2,1.0,37.87061833400003,,,,,,,,,37.86253149999993,37.87061833400003,38.3598482919997,38.3598482919997,38.36589608400027,38.64850654200018,38.968317625000054,right,1.0,1,1,0.6020332079997388,,,,,MT01,001,2026-09-27_22h19.45.371,staircase,2024.2.4,None,2026-09-27 22h19.59.882550 +0530,
27,2,1.0,38.976721375000125,,,,,,,,,38.9686138750003,38.976721375000125,39.46643912499985,39.46643912499985,39.46643912499985,39.76024912499997,40.062720375000026,left,-1.0,1,1,0.5905607079994297,,,,,MT01,001,2026-09-27_22h19.45.371,staircase,2024.2.4,None,2026-09-27 22h19.59.882550 +0530,
28,2,1.0,40.07173137500013,,,,,,,,,40.06305941699975,40.07173137500013,40.55986575000043,40.55986575000043,40.566493624999566,40.85099079199972,41.51283937500011,left,-1.0,0,0,0.9482927909994032,,,,,MT01,001,2026-09-27_22h19.45.371,staircase,2024.2.4,None,2026-09-27 22h19.59.882550 +0530,
29,2,3.0,41.52127416700023,,,,,,,,,41.513113500000145,41.52127416700023,42.01022699999976,42.01022699999976,42.01643866700033,42.29837916700035,42.86239808400023,right,3.0,1,1,0.8464578339999207,,,,,MT01,001,2026-09-27_22h19.45.371,staircase,2024.2.4,None,2026-09-27 22h19.59.882550 +0530,
30,2,3.0,42.87051845899987,,,,,,,,,42.86263520899956,42.87051845899987,43.35976091700013,43.35976091700013,43.36597837499994,43.649441542000204,44.15111941699979,left,-3.0,1,1,0.7884169159997327,,,,,MT01,001,2026-09-27_22h19.45.371,staircase,2024.2.4,None,2026-09-27 22h19.59.882550 +0530,
31,2,3.0,44.15992316699976,,,,,,,,,44.15135429200018,44.15992316699976,44.65081979200022,44.65081979200022,44.65081979200022,44.94938629199987,45.35197420900022,left,-3.0,1,1,0.6979380000002493,,,,,MT01,001,2026-09-27_22h19.45.371,staircase,2024.2.4,None,2026-09-27 22h19.59.882550 +0530,
32,2,1.0,45.36070283400022,,,,,,,,,45.35231083399958,45.36070283400022,45.85077787499995,45.85077787499995,45.85077787499995,46.14875795900025,46.66245029200036,left,-1.0,1,1,0.8070059159999801,,,,,MT01,001,2026-09-27_22h19.45.371,staircase,2024.2.4,None,2026-09-27 22h19.59.882550 +0530,
33,2,1.0,46.67072095900039,,,,,,,,,46.662689624999985,46.67072095900039,47.16032541700042,47.16032541700042,47.1676237089996,47.449657000000116,47.91261195900006,left,-1.0,1,1,0.7408855000003314,,,,,MT01,001,2026-09-27_22h19.45.371,staircase,2024.2.4,None,2026-09-27 22h19.59.882550 +0530,
34,2,1.0,47.92152583400002,,,,,,,,,47.913009791999684,47.92152583400002,48.410268417000225,48.410268417000225,48.41647812500014,48.69919941700027,49.2124533340002,left,-1.0,1,1,0.7908367909994922,,,,,MT01,001,2026-09-27_22h19.45.371,staircase,2024.2.4,None,2026-09-27 22h19.59.882550 +0530,
35,2,1.0,49.22130337500039,,,,,,,,,49.212745417000406,49.22130337500039,49.71126537500004,49.71126537500004,49.717787374999716,49.99872479199985,50.41309895900031,right,1.0,1,1,0.694602833999852,,,,,MT01,001,2026-09-27_22h19.45.371,staircase,2024.2.4,None,2026-09-27 22h19.59.882550 +0530,
36,2,1.0,50.42136387499977,,,,,,,,,50.41339587499988,50.42136387499977,50.91039612500026,50.91039612500026,50.917366083999696,51.19897316700008,52.11840779199974,left,-1.0,1,1,1.2021613339993564,,,,,MT01,001,2026-09-27_22h19.45.371,staircase,2024.2.4,None,2026-09-27 22h19.59.882550 +0530,
37,2,1.0,52.12664708400007,,,,,,,,,52.11865770900022,52.12664708400007,52.618057749999934,52.618057749999934,52.618057749999934,52.9167581669999,53.285119625000334,left,-1.0,1,1,0.6613238750005621,,,,,MT01,001,2026-09-27_22h19.45.371,staircase,2024.2.4,None,2026-09-27 22h19.59.882550 +0530,
38,2,1.0,53.293313500000295,,,,,,,,,53.28540258399971,53.293313500000295,53.783552709000105,53.783552709000105,53.783552709000105,54.07798733399977,54.8283273750003,left,-1.0,1,1,1.033767541999623,,,,,MT01,001,2026-09-27_22h19.45.371,staircase,2024.2.4,None,2026-09-27 22h19.59.882550 +0530,
39,2,1.0,54.833322167000006,,,,,,,,,54.8285918749998,54.833322167000006,55.31717374999971,55.31717374999971,55.32714941700033,55.61162304200025,55.95308974999989,right,1.0,1,1,0.6331242910000583,,,,,MT01,001,2026-09-27_22h19.45.371,staircase,2024.2.4,None,2026-09-27 22h19.59.882550 +0530,
40,2,1.0,55.97765433400036,,,,,,,,,55.95339766699999,55.97765433400036,56.45138374999988,56.45138374999988,56.465724124999724,56.749205291999715,57.146366625000155,left,-1.0,1,1,0.6854101669996453,,,,,MT01,001,2026-09-27_22h19.45.371,staircase,2024.2.4,None,2026-09-27 22h19.59.882550 +0530,
41,2,1.0,57.154482791999726,,,,,,,,,57.146616584000185,57.154482791999726,57.64401170899964,57.64401170899964,57.65023066699996,57.932429208999565,58.09673304199987,left,-1.0,0,0,0.43993337499978225,,,,,MT01,001,2026-09-27_22h19.45.371,staircase,2024.2.4,None,2026-09-27 22h19.59.882550 +0530,
42,2,3.0,58.10605849999956,,,,,,,,,58.09707933400023,58.10605849999956,58.59401958400031,58.59401958400031,58.600299083999744,58.88330383399989,59.07821358399997,right,3.0,0,0,0.4733972920002998,,,,,MT01,001,2026-09-27_22h19.45.371,staircase,2024.2.4,None,2026-09-27 22h19.59.882550 +0530,
43,2,5.0,59.083151791999626,,,,,,,,,59.078490625000086,59.083151791999626,59.56690412500029,59.56690412500029,59.57761820900032,59.861812750000354,60.26317604199994,right,5.0,1,1,0.6907849590006663,,,,,MT01,001,2026-09-27_22h19.45.371,staircase,2024.2.4,None,2026-09-27 22h19.59.882550 +0530,
44,2,5.0,60.27205354200032,,,,,,,,,60.26347383400025,60.27205354200032,60.761041542000385,60.761041542000385,60.767280959000345,61.049947041999985,61.434740417000285,left,-5.0,1,1,0.667774666000696,,,,,MT01,001,2026-09-27_22h19.45.371,staircase,2024.2.4,None,2026-09-27 22h19.59.882550 +0530,
45,2,5.0,61.44395091699971,,,,,,,,,61.434971874999974,61.44395091699971,61.93375033400025,61.93375033400025,61.93375033400025,62.22827437500018,62.480840541999896,right,5.0,1,1,0.5346561249998558,,,,,MT01,001,2026-09-27_22h19.45.371,staircase,2024.2.4,None,2026-09-27 22h19.59.882550 +0530,
46,2,3.0,62.489731499999834,,,,,,,,,62.481167916999766,62.489731499999834,62.977602625000145,62.977602625000145,62.98386124999979,63.26618574999975,63.61923020900031,right,3.0,1,1,0.6353754580004534,,,,,MT01,001,2026-09-27_22h19.45.371,staircase,2024.2.4,None,2026-09-27 22h19.59.882550 +0530,
47,2,3.0,63.62789916699967,,,,,,,,,63.61951620899981,63.62789916699967,64.11813016700034,64.11813016700034,64.11813016700034,64.41724533399974,64.73509104200002,right,3.0,1,1,0.6112657080002464,,,,,MT01,001,2026-09-27_22h19.45.371,staircase,2024.2.4,None,2026-09-27 22h19.59.882550 +0530,
48,2,3.0,64.7440248339999,,,,,,,,,64.73532533399975,64.7440248339999,65.23392045899982,65.23392045899982,65.23392045899982,65.52821337499972,65.81159933399977,left,-3.0,1,1,0.5672747079997862,,,,,MT01,001,2026-09-27_22h19.45.371,staircase,2024.2.4,None,2026-09-27 22h19.59.882550 +0530,
49,2,1.0,65.81653945899961,,,,,,,,,65.81185337500028,65.81653945899961,66.3015242499996,66.3015242499996,66.31076770900017,66.60002229200018,66.80293679199985,right,1.0,1,1,0.496631625000191,,,,,MT01,001,2026-09-27_22h19.45.371,staircase,2024.2.4,None,2026-09-27 22h19.59.882550 +0530,
50,2,1.0,66.81119975000001,,,,,,,,,66.80318808399988,66.81119975000001,67.30136537500039,67.30136537500039,67.30136537500039,67.60053416699975,68.06931945900033,left,-1.0,1,1,0.7615914170000906,,,,,MT01,001,2026-09-27_22h19.45.371,staircase,2024.2.4,None,2026-09-27 22h19.59.882550 +0530,
51,2,1.0,68.07769999999982,,,,,,,,,68.06960925000021,68.07769999999982,68.56825779199971,68.56825779199971,68.56825779199971,68.86705683400032,69.16350695900019,right,1.0,1,1,0.5841835000001083,,,,,MT01,001,2026-09-27_22h19.45.371,staircase,2024.2.4,None,2026-09-27 22h19.59.882550 +0530,
52,2,1.0,69.17203687500023,,,,,,,,,69.16379070899984,69.17203687500023,69.66132495900001,69.66132495900001,69.66841012500026,69.94990725000025,70.83544512499975,right,1.0,1,1,1.1694169170004898,,,,,MT01,001,2026-09-27_22h19.45.371,staircase,2024.2.4,None,2026-09-27 22h19.59.882550 +0530,
53,2,1.0,70.84415212499971,,,,,,,,,70.83575237500008,70.84415212499971,71.33429420900029,71.33429420900029,71.33429420900029,71.6328610419996,72.79510250000021,right,1.0,1,1,1.449792083999455,,,,,MT01,001,2026-09-27_22h19.45.371,staircase,2024.2.4,None,2026-09-27 22h19.59.882550 +0530,
54,2,1.0,72.80003829199995,,,,,,,,,72.79534170900024,72.80003829199995,73.28442925000036,73.28442925000036,73.29466133400001,73.57829883399972,73.91324666699984,left,-1.0,1,1,0.6245239159998164,,,,,MT01,001,2026-09-27_22h19.45.371,staircase,2024.2.4,None,2026-09-27 22h19.59.882550 +0530,
55,2,1.0,73.92123170899958,,,,,,,,,73.91348516699964,73.92123170899958,74.41166070899999,74.41166070899999,74.4179379999996,74.7001520419999,74.9865869590003,right,1.0,1,1,0.5717471250000017,,,,,MT01,001,2026-09-27_22h19.45.371,staircase,2024.2.4,None,2026-09-27 22h19.59.882550 +0530,
56,2,1.0,74.99497799999972,,,,,,,,,74.98687845899985,74.99497799999972,75.48427025000001,75.48427025000001,75.48427025000001,75.77880000000005,76.09799170899987,right,1.0,0,0,0.6061420830001225,,,,,MT01,001,2026-09-27_22h19.45.371,staircase,2024.2.4,None,2026-09-27 22h19.59.882550 +0530,
57,2,3.0,76.10662391700043,,,,,,,,,76.09828262500014,76.10662391700043,76.59492374999991,76.59492374999991,76.60099633400023,76.88335058400025,77.21897579199958,left,-3.0,1,1,0.6195855000005395,,,,,MT01,001,2026-09-27_22h19.45.371,staircase,2024.2.4,None,2026-09-27 22h19.59.882550 +0530,
58,2,3.0,77.22798191699985,,,,,,,,,77.21924437500002,77.22798191699985,77.71777241699965,77.71777241699965,77.71777241699965,78.01161950000005,78.23550116699971,left,-3.0,1,1,0.5128256670004703,,,,,MT01,001,2026-09-27_22h19.45.371,staircase,2024.2.4,None,2026-09-27 22h19.59.882550 +0530,
59,2,3.0,78.24449100000038,,,,,,,,,78.23576241699993,78.24449100000038,78.735808292,78.735808292,78.735808292,79.03369412499978,79.29714100000001,left,-3.0,1,1,0.5562711250004213,,,,,MT01,001,2026-09-27_22h19.45.371,staircase,2024.2.4,None,2026-09-27 22h19.59.882550 +0530,
60,2,1.0,79.30525562500043,,,,,,,,,79.29738795899993,79.30525562500043,79.79508112500025,79.79508112500025,79.80148050000025,80.08373712499997,80.33117200000015,right,1.0,1,1,0.530134041000565,,,,,MT01,001,2026-09-27_22h19.45.371,staircase,2024.2.4,None,2026-09-27 22h19.59.882550 +0530,
61,2,1.0,80.33976141699986,,,,,,,,,80.33150000000023,80.33976141699986,80.8285581250002,80.8285581250002,80.83471691700015,81.1169891669997,81.60310720899997,right,1.0,1,1,0.7714057909997791,,,,,MT01,001,2026-09-27_22h19.45.371,staircase,2024.2.4,None,2026-09-27 22h19.59.882550 +0530,
62,2,1.0,81.61112083399985,,,,,,,,,81.60333495899977,81.61112083399985,82.10243025,82.10243025,82.10243025,82.40054841700021,82.65262774999974,right,1.0,1,1,0.5456793749999633,,,,,MT01,001,2026-09-27_22h19.45.371,staircase,2024.2.4,None,2026-09-27 22h19.59.882550 +0530,
63,2,1.0,82.66154379199997,,,,,,,,,82.65293412499977,82.66154379199997,83.15204875000018,83.15204875000018,83.15204875000018,83.44541775000016,83.73091099999965,left,-1.0,1,1,0.5672443749999729,,,,,MT01,001,2026-09-27_22h19.45.371,staircase,2024.2.4,None,2026-09-27 22h19.59.882550 +0530,
64,2,1.0,83.73885733400039,,,,,,,,,83.73117625000032,83.73885733400039,84.22848599999998,84.22848599999998,84.23471562499981,84.51707704199998,84.83077970900013,right,1.0,1,1,0.5907495840001502,,,,,MT01,001,2026-09-27_22h19.45.371,staircase,2024.2.4,None,2026-09-27 22h19.59.882550 +0530,
65,2,1.0,84.83883841700026,,,,,,,,,84.83110758400016,84.83883841700026,85.32888354199986,85.32888354199986,85.33573100000012,85.61712441700001,85.95312287500019,left,-1.0,1,1,0.6184931669995422,,,,,MT01,001,2026-09-27_22h19.45.371,staircase,2024.2.4,None,2026-09-27 22h19.59.882550 +0530,
66,2,1.0,85.96143862499957,,,,,,,,,85.95340787500027,85.96143862499957,86.45234420900033,86.45234420900033,86.45234420900033,86.75052662500002,86.9140764169997,left,-1.0,0,0,0.4570582500000455,,,,,MT01,001,2026-09-27_22h19.45.371,staircase,2024.2.4,None,2026-09-27 22h19.59.882550 +0530,
67,2,3.0,86.92272125,,,,,,,,,86.91435925000042,86.92272125,87.41201166700012,87.41201166700012,87.41798183399987,87.7015367920003,88.07433200000014,right,3.0,1,1,0.6516414999996414,,,,,MT01,001,2026-09-27_22h19.45.371,staircase,2024.2.4,None,2026-09-27 22h19.59.882550 +0530,
68,2,3.0,88.0956349170001,,,,,,,,,88.07457916699968,88.0956349170001,88.56850170899997,88.56850170899997,88.58444416699967,88.86286304199984,89.17062754200015,right,3.0,1,1,0.5962693339997713,,,,,MT01,001,2026-09-27_22h19.45.371,staircase,2024.2.4,None,2026-09-27 22h19.59.882550 +0530,
69,2,3.0,89.17885854199994,,,,,,,,,89.17090408399963,89.17885854199994,89.66958629199962,89.66958629199962,89.66958629199962,89.96198954200008,90.25335216700023,right,3.0,1,1,0.5781971249998605,,,,,MT01,001,2026-09-27_22h19.45.371,staircase,2024.2.4,None,2026-09-27 22h19.59.882550 +0530,
70,2,1.0,90.26154741699975,,,,,,,,,90.25361837499986,90.26154741699975,90.75204187500003,90.75204187500003,90.75204187500003,91.04583558400009,91.437105084,left,-1.0,1,1,0.6809832919998371,,,,,MT01,001,2026-09-27_22h19.45.371,staircase,2024.2.4,None,2026-09-27 22h19.59.882550 +0530,
71,2,1.0,91.4454020840003,,,,,,,,,91.43740350000007,91.4454020840003,91.93582937500014,91.93582937500014,91.93582937500014,92.23402199999964,92.58159279200027,right,1.0,1,1,0.635482624999895,,,,,MT01,001,2026-09-27_22h19.45.371,staircase,2024.2.4,None,2026-09-27 22h19.59.882550 +0530,
72,2,1.0,92.5898064590001,,,,,,,,,92.58185945900004,92.5898064590001,93.07847283400042,93.07847283400042,93.08454254200024,93.36814675000005,94.46453170899986,left,-1.0,0,0,1.3773607909997736,,,,,MT01,001,2026-09-27_22h19.45.371,staircase,2024.2.4,None,2026-09-27 22h19.59.882550 +0530,
73,2,3.0,94.47259241699976,,,,,,,,,94.46480941699974,94.47259241699976,94.96199429199987,94.96199429199987,94.96815354200044,95.25128345899975,95.58540583400008,left,-3.0,1,1,0.6188065000005736,,,,,MT01,001,2026-09-27_22h19.45.371,staircase,2024.2.4,None,2026-09-27 22h19.59.882550 +0530,
74,2,3.0,95.59522654200009,,,,,,,,,95.58558237499983,95.59522654200009,96.07904775000043,96.07904775000043,96.08412166699964,96.36798666699997,96.61485833400002,right,3.0,1,1,0.526650625000002,,,,,MT01,001,2026-09-27_22h19.45.371,staircase,2024.2.4,None,2026-09-27 22h19.59.882550 +0530,
75,2,3.0,96.62397704199975,,,,,,,,,96.61523491699973,96.62397704199975,97.11254033400019,97.11254033400019,97.11848804199963,97.40101374999995,97.58861716699994,left,-3.0,1,1,0.46889924999959476,,,,,MT01,001,2026-09-27_22h19.45.371,staircase,2024.2.4,None,2026-09-27 22h19.59.882550 +0530,
76,2,1.0,97.6126739170004,,,,,,,,,97.58894804200008,97.6126739170004,98.08723804199963,98.08723804199963,98.10166341700005,98.38448208400041,98.55117920900011,right,1.0,1,1,0.4613664999997127,,,,,MT01,001,2026-09-27_22h19.45.371,staircase,2024.2.4,None,2026-09-27 22h19.59.882550 +0530,
77,2,1.0,98.5620440419998,,,,,,,,,98.55131279200032,98.5620440419998,99.04571270900033,99.04571270900033,99.05193799999961,99.33422070899996,99.93172195900024,right,1.0,1,1,0.8787304999996195,,,,,MT01,001,2026-09-27_22h19.45.371,staircase,2024.2.4,None,2026-09-27 22h19.59.882550 +0530,
78,2,1.0,99.94052783400002,,,,,,,,,99.93203245899986,99.94052783400002,100.44647499999974,100.44647499999974,100.44647499999974,100.73565725000026,101.00295129200003,right,1.0,1,1,0.5511327079993862,,,,,MT01,001,2026-09-27_22h19.45.371,staircase,2024.2.4,None,2026-09-27 22h19.59.882550 +0530,
79,2,1.0,101.01222891700036,,,,,,,,,101.00319091700021,101.01222891700036,101.50214691699966,101.50214691699966,101.50214691699966,101.79628400000001,102.10393791699971,left,-1.0,1,1,0.5976901249996445,,,,,MT01,001,2026-09-27_22h19.45.371,staircase,2024.2.4,None,2026-09-27 22h19.59.882550 +0530,
80,2,1.0,102.112448459,,,,,,,,,102.1041887499996,102.112448459,102.60291441699974,102.60291441699974,102.60291441699974,102.90095341699998,103.09865999999965,right,1.0,1,1,0.4877742919998127,,,,,MT01,001,2026-09-27_22h19.45.371,staircase,2024.2.4,None,2026-09-27 22h19.59.882550 +0530,
81,2,1.0,103.10767120899982,,,,,,,,,103.0989917500001,103.10767120899982,103.59613708399957,103.59613708399957,103.60204866700042,103.88432570900022,104.28218229199956,right,1.0,1,1,0.6802668749996883,,,,,MT01,001,2026-09-27_22h19.45.371,staircase,2024.2.4,None,2026-09-27 22h19.59.882550 +0530,
82,2,1.0,104.29075575000024,,,,,,,,,104.28253595899969,104.29075575000024,104.77965649999987,104.77965649999987,104.7860093749996,105.06863599999997,105.37096587500037,right,1.0,1,1,0.5863882079993346,,,,,MT01,001,2026-09-27_22h19.45.371,staircase,2024.2.4,None,2026-09-27 22h19.59.882550 +0530,
83,2,1.0,105.37926320899987,,,,,,,,,105.37120200000027,105.37926320899987,105.87025633400026,105.87025633400026,105.87025633400026,106.16277362500023,106.3708418340002,right,1.0,1,1,0.4946945000001506,,,,,MT01,001,2026-09-27_22h19.45.371,staircase,2024.2.4,None,2026-09-27 22h19.59.882550 +0530,
84,2,1.0,106.37902095899972,,,,,,,,,106.37106979199962,106.37902095899972,106.86925799999972,106.86925799999972,106.86925799999972,107.16298420899966,107.38166900000033,right,1.0,1,1,0.504249792000337,,,,,MT01,001,2026-09-27_22h19.45.371,staircase,2024.2.4,None,2026-09-27 22h19.59.882550 +0530,
85,2,1.0,107.39041224999983,,,,,,,,,107.38202520899995,107.39041224999983,107.87960349999958,107.87960349999958,107.88596008399963,108.16860820900001,108.37058979199992,left,-1.0,1,1,0.48696991599990724,,,,,MT01,001,2026-09-27_22h19.45.371,staircase,2024.2.4,None,2026-09-27 22h19.59.882550 +0530,
86,2,1.0,108.37895387499975,,,,,,,,,108.37082362500041,108.37895387499975,108.86993737499961,108.86993737499961,108.86993737499961,109.1687198339996,109.46510662499986,left,-1.0,1,1,0.5850828330003424,,,,,MT01,001,2026-09-27_22h19.45.371,staircase,2024.2.4,None,2026-09-27 22h19.59.882550 +0530,
87,2,1.0,109.4734482089998,,,,,,,,,109.46540204200028,109.4734482089998,109.96291308400032,109.96291308400032,109.96905874999993,110.25146095899981,110.48256620899974,right,1.0,1,1,0.510661333999451,,,,,MT01,001,2026-09-27_22h19.45.371,staircase,2024.2.4,None,2026-09-27 22h19.59.882550 +0530,
88,2,1.0,110.49151129199981,,,,,,,,,110.48289854199993,110.49151129199981,110.97985687500022,110.97985687500022,110.98627029199997,111.2680314170002,111.53682508400016,left,-1.0,1,1,0.5521588330002487,,,,,MT01,001,2026-09-27_22h19.45.371,staircase,2024.2.4,None,2026-09-27 22h19.59.882550 +0530,
89,2,1.0,111.54618016699987,,,,,,,,,111.53711225000006,111.54618016699987,112.03680362500018,112.03680362500018,112.03680362500018,112.32996612500028,112.68194833399957,left,-1.0,1,1,0.6390323340001487,,,,,MT01,001,2026-09-27_22h19.45.371,staircase,2024.2.4,None,2026-09-27 22h19.59.882550 +0530,
90,2,1.0,112.69028645900016,,,,,,,,,112.68218612500004,112.69028645900016,113.18043275000036,113.18043275000036,113.18690366699957,113.46840245899966,113.6985483340004,left,-1.0,1,1,0.5062995409998621,,,,,MT01,001,2026-09-27_22h19.45.371,staircase,2024.2.4,None,2026-09-27 22h19.59.882550 +0530,
91,2,1.0,113.70746920900001,,,,,,,,,113.69884033400012,113.70746920900001,114.19673366700044,114.19673366700044,114.20336000000043,114.48565183400024,114.73177775000022,left,-1.0,1,1,0.5295928750001622,,,,,MT01,001,2026-09-27_22h19.45.371,staircase,2024.2.4,None,2026-09-27 22h19.59.882550 +0530,
92,2,1.0,114.73962879200008,,,,,,,,,114.73202049999963,114.73962879200008,115.23016733399982,115.23016733399982,115.23665204200006,115.51818245899995,115.97003041700009,right,1.0,0,0,0.7347408750001705,,,,,MT01,001,2026-09-27_22h19.45.371,staircase,2024.2.4,None,2026-09-27 22h19.59.882550 +0530,
93,2,3.0,115.97945995900045,,,,,,,,,115.97031083399997,115.97945995900045,116.46308425000007,116.46308425000007,116.46924508400025,116.75178891700034,117.05380495900044,right,3.0,1,1,0.5848382499998479,,,,,MT01,001,2026-09-27_22h19.45.371,staircase,2024.2.4,None,2026-09-27 22h19.59.882550 +0530,
94,2,3.0,117.06308733399965,,,,,,,,,117.05410649999976,117.06308733399965,117.5538266249996,117.5538266249996,117.5538266249996,117.84652666700003,118.01565891700011,right,3.0,1,1,0.45369387499977165,,,,,MT01,001,2026-09-27_22h19.45.371,staircase,2024.2.4,None,2026-09-27 22h19.59.882550 +0530,
95,2,3.0,118.0245166249997,,,,,,,,,118.0159451669997,118.0245166249997,118.51337220900041,118.51337220900041,118.51951387499957,118.80235249999987,119.08735216700006,left,-3.0,1,1,0.5687240839997685,,,,,MT01,001,2026-09-27_22h19.45.371,staircase,2024.2.4,None,2026-09-27 22h19.59.882550 +0530,
96,2,1.0,119.09630237500005,,,,,,,,,119.08760095900016,119.09630237500005,119.58694112499961,119.58694112499961,119.58694112499961,119.88492687500002,120.07146495899997,left,-1.0,1,1,0.4817023750001681,,,,,MT01,001,2026-09-27_22h19.45.371,staircase,2024.2.4,None,2026-09-27 22h19.59.882550 +0530,
97,2,1.0,120.08003883400033,,,,,,,,,120.07176554200032,120.08003883400033,120.5700509999997,120.5700509999997,120.5700509999997,120.86851104200014,121.29895012500037,right,1.0,1,1,0.7221696249998786,,,,,MT01,001,2026-09-27_22h19.45.371,staircase,2024.2.4,None,2026-09-27 22h19.59.882550 +0530,
98,2,1.0,121.30803812500017,,,,,,,,,121.29931312499957,121.30803812500017,121.79657374999988,121.79657374999988,121.80254762500044,122.08528924999973,122.35504674999993,left,-1.0,0,0,0.5538127499994516,,,,,MT01,001,2026-09-27_22h19.45.371,staircase,2024.2.4,None,2026-09-27 22h19.59.882550 +0530,
99,2,3.0,122.36367941699973,,,,,,,,,122.35535008399984,122.36367941699973,122.85326158400039,122.85326158400039,122.85326158400039,123.15386183400005,123.39943687499999,left,-3.0,1,1,0.5358613750004224,,,,,MT01,001,2026-09-27_22h19.45.371,staircase,2024.2.4,None,2026-09-27 22h19.59.882550 +0530,
,,,,,,,,,,,,,,,,,,,,,,,,123.39965912499974,123.41128025000035,125.40205041700028,125.39778991700041,MT01,001,2026-09-27_22h19.45.371,staircase,2024.2.4,None,2026-09-27 22h19.59.882550 +0530,
