thisN,thisTrialN,thisRepN,tilt,key_resp.keys,key_resp.corr,key_resp.rt,key_resp.duration,trials.thisRepN,trials.thisTrialN,trials.thisN,trials.thisIndex,thisRow.t,notes,Introduction.started,text.started,key_resp_intro.started,Introduction.stopped,key_resp_intro.keys,key_resp_intro.rt,key_resp_intro.duration,trial.started,fixation.started,key_resp.started,fixation.stopped,trial.stopped,trials.tilt,trials.key_resp.keys,trials.key_resp.corr,trials.key_resp.rt,trials.key_resp.duration,End.started,text_end.started,text_end.stopped,End.stopped,participant,session,date,expName,psychopyVersion,frameRate,expStart,
,,,,,,,,,,,,,,0.011874707999595557,0.02715337500012538,0.9898775000001478,6.418120082999849,space,5.367829333999907,None,,,,,,,,,,,,,,,MT01,001,2026-09-27_22h32.20.945,orient_discrim,2024.2.4,116.86116747251117,2026-09-27 22h32.31.447130 +0530,
0,0,0,0,down,0,1.5810114170008092,None,0,0,0,0,6.448604000000159,,,,,,,,,6.420500375000302,6.448604000000159,7.422820667000451,7.44022487500024,9.00840425000024,0,down,0,1.5810114170008092,None,,,,,MT01,001,2026-09-27_22h32.20.945,orient_discrim,2024.2.4,116.86116747251117,2026-09-27 22h32.31.447130 +0530,
1,0,1,0,up,1,1.1646655829999872,None,1,0,1,0,9.132292125000276,,,,,,,,,9.008807416999844,9.132292125000276,10.007192375000159,10.122883541999727,11.175530292000076,0,up,1,1.1646655829999872,None,,,,,MT01,001,2026-09-27_22h32.20.945,orient_discrim,2024.2.4,116.86116747251117,2026-09-27 22h32.31.447130 +0530,
2,0,2,0,down,0,0.9020284170001105,None,2,0,2,0,11.1878329580004,,,,,,,,,11.17588404199978,11.1878329580004,12.17432933300006,12.18436520799969,13.086733916999947,0,down,0,0.9020284170001105,None,,,,,MT01,001,2026-09-27_22h32.20.945,orient_discrim,2024.2.4,116.86116747251117,2026-09-27 22h32.31.447130 +0530,
3,0,3,-4,down,1,0.6920386670008156,None,3,0,3,0,13.09945054200034,,,,,,,,,13.091061875000378,13.09945054200034,14.090817792000053,14.090817792000053,14.787099375000253,-4,down,1,0.6920386670008156,None,,,,,MT01,001,2026-09-27_22h32.20.945,orient_discrim,2024.2.4,116.86116747251117,2026-09-27 22h32.31.447130 +0530,
4,0,4,1,down,1,1.4208440840002368,None,4,0,4,0,14.810776625000472,,,,,,,,,14.787588625000353,14.810776625000472,15.784706374999587,15.808259999999791,17.20956308299992,1,down,1,1.4208440840002368,None,,,,,MT01,001,2026-09-27_22h32.20.945,orient_discrim,2024.2.4,116.86116747251117,2026-09-27 22h32.31.447130 +0530,
5,0,5,-4,down,1,0.6453716249998251,None,5,0,5,0,17.21841266699994,,,,,,,,,17.210061583000424,17.21841266699994,18.207489542000076,18.207489542000076,18.864357624999684,-4,down,1,0.6453716249998251,None,,,,,MT01,001,2026-09-27_22h32.20.945,orient_discrim,2024.2.4,116.86116747251117,2026-09-27 22h32.31.447130 +0530,
6,0,6,4,down,1,0.5039321249996647,None,6,0,6,0,18.871140625000407,,,,,,,,,18.864742249999836,18.871140625000407,19.858416457999738,19.867699874999744,20.370293167000455,4,down,1,0.5039321249996647,None,,,,,MT01,001,2026-09-27_22h32.20.945,orient_discrim,2024.2.4,116.86116747251117,2026-09-27 22h32.31.447130 +0530,
7,0,7,0,up,1,0.7383350000000064,None,7,0,7,0,20.37968699999965,,,,,,,,,20.370727042,20.37968699999965,21.369014167000387,21.37573650000013,22.11878783300017,0,up,1,0.7383350000000064,None,,,,,MT01,001,2026-09-27_22h32.20.945,orient_discrim,2024.2.4,116.86116747251117,2026-09-27 22h32.31.447130 +0530,
8,0,8,0,down,0,1.376680917000158,None,8,0,8,0,22.124002000000473,,,,,,,,,22.119162916999812,22.124002000000473,23.106767000000218,23.118299957999625,24.487310833000265,0,down,0,1.376680917000158,None,,,,,MT01,001,2026-09-27_22h32.20.945,orient_discrim,2024.2.4,116.86116747251117,2026-09-27 22h32.31.447130 +0530,
9,0,9,4,down,1,0.5687902079998821,None,9,0,9,0,24.496183041999757,,,,,,,,,24.487817207999797,24.496183041999757,25.48534733300039,25.492096582999693,26.05921304200001,4,down,1,0.5687902079998821,None,,,,,MT01,001,2026-09-27_22h32.20.945,orient_discrim,2024.2.4,116.86116747251117,2026-09-27 22h32.31.447130 +0530,
10,0,10,0,up,1,0.9342237499995463,None,10,0,10,0,26.06827891699959,,,,,,,,,26.059605292000015,26.06827891699959,27.058918875000018,27.058918875000018,28.00379920799969,0,up,1,0.9342237499995463,None,,,,,MT01,001,2026-09-27_22h32.20.945,orient_discrim,2024.2.4,116.86116747251117,2026-09-27 22h32.31.447130 +0530,
11,0,11,0,down,0,1.2851897090004059,None,11,0,11,0,28.013139292000233,,,,,,,,,28.004221125000186,28.013139292000233,29.00194137499966,29.00783649999994,30.292251625000063,0,down,0,1.2851897090004059,None,,,,,MT01,001,2026-09-27_22h32.20.945,orient_discrim,2024.2.4,116.86116747251117,2026-09-27 22h32.31.447130 +0530,
12,0,12,0,up,1,0.8689287500001228,None,12,0,12,0,30.301396124999883,,,,,,,,,30.292685375000474,30.301396124999883,31.285131499999807,31.29128262500035,32.15933820800001,0,up,1,0.8689287500001228,None,,,,,MT01,001,2026-09-27_22h32.20.945,orient_discrim,2024.2.4,116.86116747251117,2026-09-27 22h32.31.447130 +0530,
13,0,13,1,down,1,1.0899098330000925,None,13,0,13,0,32.16888766699958,,,,,,,,,32.15994879200025,32.16888766699958,33.1583840000003,33.1583840000003,34.25468308299969,1,down,1,1.0899098330000925,None,,,,,MT01,001,2026-09-27_22h32.20.945,orient_discrim,2024.2.4,116.86116747251117,2026-09-27 22h32.31.447130 +0530,
14,0,14,0,down,0,1.07798670900047,None,14,0,14,0,34.263667541999894,,,,,,,,,34.25503183300043,34.263667541999894,35.252209750000475,35.25854133299981,36.3376936249997,0,down,0,1.07798670900047,None,,,,,MT01,001,2026-09-27_22h32.20.945,orient_discrim,2024.2.4,116.86116747251117,2026-09-27 22h32.31.447130 +0530,
15,0,15,0,down,0,0.6963552080005684,None,15,0,15,0,36.346950166999704,,,,,,,,,36.33812562500043,36.346950166999704,37.335713000000396,37.34251162500004,38.037550875000306,0,down,0,0.6963552080005684,None,,,,,MT01,001,2026-09-27_22h32.20.945,orient_discrim,2024.2.4,116.86116747251117,2026-09-27 22h32.31.447130 +0530,
16,0,16,0,up,1,0.6441644159995121,None,16,0,16,0,38.04645329200048,,,,,,,,,38.03794283299976,38.04645329200048,39.035781708000286,39.04226670800017,39.687883542000236,0,up,1,0.6441644159995121,None,,,,,MT01,001,2026-09-27_22h32.20.945,orient_discrim,2024.2.4,116.86116747251117,2026-09-27 22h32.31.447130 +0530,
17,0,17,0,down,0,1.0530637499996374,None,17,0,17,0,39.69707466700038,,,,,,,,,39.688342292000016,39.69707466700038,40.68565066700012,40.69198950000009,41.74299141699976,0,down,0,1.0530637499996374,None,,,,,MT01,001,2026-09-27_22h32.20.945,orient_discrim,2024.2.4,116.86116747251117,2026-09-27 22h32.31.447130 +0530,
18,0,18,0,up,1,0.6628142079998725,None,18,0,18,0,41.751894332999655,,,,,,,,,41.74332787500043,41.751894332999655,42.741802958000335,42.741802958000335,43.41100366699993,0,up,1,0.6628142079998725,None,,,,,MT01,001,2026-09-27_22h32.20.945,orient_discrim,2024.2.4,116.86116747251117,2026-09-27 22h32.31.447130 +0530,
19,0,19,0,up,1,0.6547135419996266,None,19,0,19,0,43.42017599999963,,,,,,,,,43.411441792000005,43.42017599999963,44.40862287500022,44.40862287500022,45.071436707999965,0,up,1,0.6547135419996266,None,,,,,MT01,001,2026-09-27_22h32.20.945,orient_discrim,2024.2.4,116.86116747251117,2026-09-27 22h32.31.447130 +0530,
20,0,20,0,up,1,0.7572767080000631,None,20,0,20,0,45.08009433299958,,,,,,,,,45.0718589170001,45.08009433299958,46.069221417000335,46.07550441700005,46.83804916700046,0,up,1,0.7572767080000631,None,,,,,MT01,001,2026-09-27_22h32.20.945,orient_discrim,2024.2.4,116.86116747251117,2026-09-27 22h32.31.447130 +0530,
21,0,21,3,down,1,0.5578134999996109,None,21,0,21,0,46.84744433299966,,,,,,,,,46.83856441700027,46.84744433299966,47.835925792000126,47.84206008300043,48.39685308299977,3,down,1,0.5578134999996109,None,,,,,MT01,001,2026-09-27_22h32.20.945,orient_discrim,2024.2.4,116.86116747251117,2026-09-27 22h32.31.447130 +0530,
22,0,22,-2,up,0,0.8309579170008874,None,22,0,22,0,48.406605082999704,,,,,,,,,48.39723012499962,48.406605082999704,49.3931464999996,49.4023540420003,50.22704849999991,-2,up,0,0.8309579170008874,None,,,,,MT01,001,2026-09-27_22h32.20.945,orient_discrim,2024.2.4,116.86116747251117,2026-09-27 22h32.31.447130 +0530,
23,0,23,0,down,0,0.6459190410005249,None,23,0,23,0,50.235638166999706,,,,,,,,,50.22738895800012,50.235638166999706,51.22552929199992,51.22552929199992,51.87674762500046,0,down,0,0.6459190410005249,None,,,,,MT01,001,2026-09-27_22h32.20.945,orient_discrim,2024.2.4,116.86116747251117,2026-09-27 22h32.31.447130 +0530,
24,0,24,0,down,0,0.7189573339992421,None,24,0,24,0,51.88575991699963,,,,,,,,,51.87716362500032,51.88575991699963,52.8758079170002,52.8758079170002,53.60504758299976,0,down,0,0.7189573339992421,None,,,,,MT01,001,2026-09-27_22h32.20.945,orient_discrim,2024.2.4,116.86116747251117,2026-09-27 22h32.31.447130 +0530,
25,0,25,1,down,1,0.6012774589999026,None,25,0,25,0,53.614476542000375,,,,,,,,,53.605550958000094,53.614476542000375,54.60355662500024,54.60991266699966,55.2103731670004,1,down,1,0.6012774589999026,None,,,,,MT01,001,2026-09-27_22h32.20.945,orient_discrim,2024.2.4,116.86116747251117,2026-09-27 22h32.31.447130 +0530,
26,0,26,-2,up,0,0.6196824580001703,None,26,0,26,0,55.21941650000008,,,,,,,,,55.21086520799963,55.21941650000008,56.210121916999924,56.210121916999924,56.838966500000424,-2,up,0,0.6196824580001703,None,,,,,MT01,001,2026-09-27_22h32.20.945,orient_discrim,2024.2.4,116.86116747251117,2026-09-27 22h32.31.447130 +0530,
27,0,27,0,up,1,1.1698532909995265,None,27,0,27,0,56.8484719170001,,,,,,,,,56.83946420800021,56.8484719170001,57.83670875000007,57.84321145800004,59.010143999999855,0,up,1,1.1698532909995265,None,,,,,MT01,001,2026-09-27_22h32.20.945,orient_discrim,2024.2.4,116.86116747251117,2026-09-27 22h32.31.447130 +0530,
28,0,28,0,down,0,0.9291207920005036,None,28,0,28,0,59.01907008299986,,,,,,,,,59.01048479200017,59.01907008299986,60.00931033300003,60.00931033300003,60.943606083000304,0,down,0,0.9291207920005036,None,,,,,MT01,001,2026-09-27_22h32.20.945,orient_discrim,2024.2.4,116.86116747251117,2026-09-27 22h32.31.447130 +0530,
29,0,29,0,up,1,0.9285042080000494,None,29,0,29,0,60.95247479200043,,,,,,,,,60.94404333300008,60.95247479200043,61.943478416999824,61.943478416999824,62.87700074999975,0,up,1,0.9285042080000494,None,,,,,MT01,001,2026-09-27_22h32.20.945,orient_discrim,2024.2.4,116.86116747251117,2026-09-27 22h32.31.447130 +0530,
30,0,30,1,down,1,1.3126647500002946,None,30,0,30,0,62.88587224999992,,,,,,,,,62.8774090830002,62.88587224999992,63.87642024999968,63.87642024999968,65.19405629199991,1,down,1,1.3126647500002946,None,,,,,MT01,001,2026-09-27_22h32.20.945,orient_discrim,2024.2.4,116.86116747251117,2026-09-27 22h32.31.447130 +0530,
31,0,31,0,up,1,1.1452965839998797,None,31,0,31,0,65.20288979199995,,,,,,,,,65.19444129200019,65.20288979199995,66.19336658300017,66.19336658300017,67.34384487500029,0,up,1,1.1452965839998797,None,,,,,MT01,001,2026-09-27_22h32.20.945,orient_discrim,2024.2.4,116.86116747251117,2026-09-27 22h32.31.447130 +0530,
32,0,32,-2,up,0,0.7035921249998864,None,32,0,32,0,67.35280883300038,,,,,,,,,67.34432225,67.35280883300038,68.3436485000002,68.3436485000002,69.05633641700024,-2,up,0,0.7035921249998864,None,,,,,MT01,001,2026-09-27_22h32.20.945,orient_discrim,2024.2.4,116.86116747251117,2026-09-27 22h32.31.447130 +0530,
33,0,33,0,down,0,0.9413936669998293,None,33,0,33,0,69.06589645799977,,,,,,,,,69.05689704199995,69.06589645799977,70.0534058330004,70.05994162499974,71.00602700000036,0,down,0,0.9413936669998293,None,,,,,MT01,001,2026-09-27_22h32.20.945,orient_discrim,2024.2.4,116.86116747251117,2026-09-27 22h32.31.447130 +0530,
34,0,34,4,down,1,0.5636560000002646,None,34,0,34,0,71.01519058299982,,,,,,,,,71.00652499999978,71.01519058299982,72.00373187500008,72.01011391700013,72.57276224999987,4,down,1,0.5636560000002646,None,,,,,MT01,001,2026-09-27_22h32.20.945,orient_discrim,2024.2.4,116.86116747251117,2026-09-27 22h32.31.447130 +0530,
35,0,35,0,down,0,0.6351397919997908,None,35,0,35,0,72.58216787499987,,,,,,,,,72.5732105420002,72.58216787499987,73.57034620800005,73.57654120799998,74.21200612499979,0,down,0,0.6351397919997908,None,,,,,MT01,001,2026-09-27_22h32.20.945,orient_discrim,2024.2.4,116.86116747251117,2026-09-27 22h32.31.447130 +0530,
36,0,36,0,down,0,0.8584929159997046,None,36,0,36,0,74.2214285,,,,,,,,,74.21245429200007,74.2214285,75.2104804999999,75.2104804999999,76.07328133299961,0,down,0,0.8584929159997046,None,,,,,MT01,001,2026-09-27_22h32.20.945,orient_discrim,2024.2.4,116.86116747251117,2026-09-27 22h32.31.447130 +0530,
37,0,37,0,down,0,0.8478612079998129,None,37,0,37,0,76.08240829199985,,,,,,,,,76.07372654200026,76.08240829199985,77.07072391699967,77.07701854199968,77.92300433299988,0,down,0,0.8478612079998129,None,,,,,MT01,001,2026-09-27_22h32.20.945,orient_discrim,2024.2.4,116.86116747251117,2026-09-27 22h32.31.447130 +0530,
38,0,38,0,down,0,0.73489575000076,None,38,0,38,0,77.93172833300014,,,,,,,,,77.92335224999988,77.93172833300014,78.92122183300035,78.9275051249997,79.66191183299998,0,down,0,0.73489575000076,None,,,,,MT01,001,2026-09-27_22h32.20.945,orient_discrim,2024.2.4,116.86116747251117,2026-09-27 22h32.31.447130 +0530,
39,0,39,-2,up,0,0.5348857079998197,None,39,0,39,0,79.67036283299967,,,,,,,,,79.66228912499992,79.67036283299967,80.66044170799978,80.66044170799978,81.20602195799984,-2,up,0,0.5348857079998197,None,,,,,MT01,001,2026-09-27_22h32.20.945,orient_discrim,2024.2.4,116.86116747251117,2026-09-27 22h32.31.447130 +0530,
40,0,40,-5,down,1,0.7688010000001668,None,40,0,40,0,81.21458187500048,,,,,,,,,81.20641475000048,81.21458187500048,82.20407849999992,82.21019929199974,82.97797050000008,-5,down,1,0.7688010000001668,None,,,,,MT01,001,2026-09-27_22h32.20.945,orient_discrim,2024.2.4,116.86116747251117,2026-09-27 22h32.31.447130 +0530,
41,0,41,1,down,1,0.7859101249996456,None,41,0,41,0,82.98685699999987,,,,,,,,,82.97835720799958,82.98685699999987,83.97766241699992,83.97766241699992,84.77307058299994,1,down,1,0.7859101249996456,None,,,,,MT01,001,2026-09-27_22h32.20.945,orient_discrim,2024.2.4,116.86116747251117,2026-09-27 22h32.31.447130 +0530,
42,0,42,0,down,0,0.801553999999669,None,42,0,42,0,84.78241562499989,,,,,,,,,84.77350408300026,84.78241562499989,85.77097425000011,85.77758054199967,86.57925366699965,0,down,0,0.801553999999669,None,,,,,MT01,001,2026-09-27_22h32.20.945,orient_discrim,2024.2.4,116.86116747251117,2026-09-27 22h32.31.447130 +0530,
43,0,43,0,down,0,0.7447456250001778,None,43,0,43,0,86.60502558299959,,,,,,,,,86.57982625000022,86.60502558299959,87.5790394579999,87.6050047079998,88.32909254199967,0,down,0,0.7447456250001778,None,,,,,MT01,001,2026-09-27_22h32.20.945,orient_discrim,2024.2.4,116.86116747251117,2026-09-27 22h32.31.447130 +0530,
44,0,44,0,down,0,0.6344059159991957,None,44,0,44,0,88.33839891699972,,,,,,,,,88.32951008300006,88.33839891699972,89.32816537500003,89.32816537500003,89.97372820800047,0,down,0,0.6344059159991957,None,,,,,MT01,001,2026-09-27_22h32.20.945,orient_discrim,2024.2.4,116.86116747251117,2026-09-27 22h32.31.447130 +0530,
45,0,45,0,down,0,0.5697938330004035,None,45,0,45,0,89.98278654200021,,,,,,,,,89.9741704170001,89.98278654200021,90.97170212499987,90.97800187499979,91.54462362499999,0,down,0,0.5697938330004035,None,,,,,MT01,001,2026-09-27_22h32.20.945,orient_discrim,2024.2.4,116.86116747251117,2026-09-27 22h32.31.447130 +0530,
46,0,46,0,down,0,0.7743489579997913,None,46,0,46,0,91.55399191699962,,,,,,,,,91.54495483299979,91.55399191699962,92.54463133300032,92.54463133300032,93.3233533749999,0,down,0,0.7743489579997913,None,,,,,MT01,001,2026-09-27_22h32.20.945,orient_discrim,2024.2.4,116.86116747251117,2026-09-27 22h32.31.447130 +0530,
47,0,47,-3,up,0,0.6084190000001399,None,47,0,47,0,93.33272383300027,,,,,,,,,93.32382391700048,93.33272383300027,94.3210810419996,94.32697445800022,94.9399122499999,-3,up,0,0.6084190000001399,None,,,,,MT01,001,2026-09-27_22h32.20.945,orient_discrim,2024.2.4,116.86116747251117,2026-09-27 22h32.31.447130 +0530,
48,0,48,-3,up,0,1.0435721660005584,None,48,0,48,0,94.94869145800021,,,,,,,,,94.94033725000008,94.94869145800021,95.93731554199985,95.94261379199997,96.98950487500042,-3,up,0,1.0435721660005584,None,,,,,MT01,001,2026-09-27_22h32.20.945,orient_discrim,2024.2.4,116.86116747251117,2026-09-27 22h32.31.447130 +0530,
49,0,49,0,down,0,0.6346575419993314,None,49,0,49,0,96.99713554200025,,,,,,,,,96.98985954199998,96.99713554200025,97.98826708300021,97.99440175000018,98.62856529199962,0,down,0,0.6346575419993314,None,,,,,MT01,001,2026-09-27_22h32.20.945,orient_discrim,2024.2.4,116.86116747251117,2026-09-27 22h32.31.447130 +0530,
50,0,50,0,down,0,0.6290173750003305,None,50,0,50,0,98.63735050000014,,,,,,,,,98.62890675000017,98.63735050000014,99.62723908299995,99.62723908299995,100.26283608300037,0,down,0,0.6290173750003305,None,,,,,MT01,001,2026-09-27_22h32.20.945,orient_discrim,2024.2.4,116.86116747251117,2026-09-27 22h32.31.447130 +0530,
51,0,51,0,down,0,0.6082899590001034,None,51,0,51,0,100.27223491699988,,,,,,,,,100.26327254199987,100.27223491699988,101.25482091699996,101.26204979199974,101.87334974999976,0,down,0,0.6082899590001034,None,,,,,MT01,001,2026-09-27_22h32.20.945,orient_discrim,2024.2.4,116.86116747251117,2026-09-27 22h32.31.447130 +0530,
52,0,52,-2,up,0,0.8542304169995987,None,52,0,52,0,101.88177858299969,,,,,,,,,101.87376429200049,101.88177858299969,102.87125891699998,102.87747391700032,103.72942624999996,-2,up,0,0.8542304169995987,None,,,,,MT01,001,2026-09-27_22h32.20.945,orient_discrim,2024.2.4,116.86116747251117,2026-09-27 22h32.31.447130 +0530,
53,0,53,4,down,1,0.8791193750003004,None,53,0,53,0,103.73814237500028,,,,,,,,,103.72982845800016,103.73814237500028,104.72773754199989,104.72773754199989,105.6133157080003,4,down,1,0.8791193750003004,None,,,,,MT01,001,2026-09-27_22h32.20.945,orient_discrim,2024.2.4,116.86116747251117,2026-09-27 22h32.31.447130 +0530,
54,0,54,-5,up,0,0.7216160839998338,None,54,0,54,0,105.63858433299993,,,,,,,,,105.613841417,105.63858433299993,106.60440358300002,106.62682733299971,107.33000758300022,-5,up,0,0.7216160839998338,None,,,,,MT01,001,2026-09-27_22h32.20.945,orient_discrim,2024.2.4,116.86116747251117,2026-09-27 22h32.31.447130 +0530,
55,0,55,2,down,1,0.4632824159998563,None,55,0,55,0,107.33922925000024,,,,,,,,,107.3303979579996,107.33922925000024,108.3277624579996,108.3277624579996,108.79656995799996,2,down,1,0.4632824159998563,None,,,,,MT01,001,2026-09-27_22h32.20.945,orient_discrim,2024.2.4,116.86116747251117,2026-09-27 22h32.31.447130 +0530,
56,0,56,-2,up,0,0.7119583749999947,None,56,0,56,0,108.80490545799967,,,,,,,,,108.79697166700043,108.80490545799967,109.7960336670003,109.7960336670003,110.51329070799966,-2,up,0,0.7119583749999947,None,,,,,MT01,001,2026-09-27_22h32.20.945,orient_discrim,2024.2.4,116.86116747251117,2026-09-27 22h32.31.447130 +0530,
57,0,57,-2,up,0,0.628362333000041,None,57,0,57,0,110.52218441700006,,,,,,,,,110.51374554199992,110.52218441700006,111.51157666699964,111.51157666699964,112.14582945799975,-2,up,0,0.628362333000041,None,,,,,MT01,001,2026-09-27_22h32.20.945,orient_discrim,2024.2.4,116.86116747251117,2026-09-27 22h32.31.447130 +0530,
58,0,58,4,down,1,0.6793725420002374,None,58,0,58,0,112.15480250000019,,,,,,,,,112.14621612500014,112.15480250000019,113.14458412499971,113.14458412499971,113.82953770800032,4,down,1,0.6793725420002374,None,,,,,MT01,001,2026-09-27_22h32.20.945,orient_discrim,2024.2.4,116.86116747251117,2026-09-27 22h32.31.447130 +0530,
59,0,59,0,up,1,0.8366307500000403,None,59,0,59,0,113.83849712499978,,,,,,,,,113.82996337500026,113.83849712499978,114.82169104199966,114.82779487500011,115.66342670799986,0,up,1,0.8366307500000403,None,,,,,MT01,001,2026-09-27_22h32.20.945,orient_discrim,2024.2.4,116.86116747251117,2026-09-27 22h32.31.447130 +0530,
60,0,60,4,down,1,0.47834524999962014,None,60,0,60,0,115.67202104199987,,,,,,,,,115.66389245800019,115.67202104199987,116.66210612499981,116.66210612499981,117.14621895799974,4,down,1,0.47834524999962014,None,,,,,MT01,001,2026-09-27_22h32.20.945,orient_discrim,2024.2.4,116.86116747251117,2026-09-27 22h32.31.447130 +0530,
61,0,61,3,down,1,0.5452177909992315,None,61,0,61,0,117.1552367080003,,,,,,,,,117.14668379199975,117.1552367080003,118.14536700000008,118.14536700000008,118.69685183300044,3,down,1,0.5452177909992315,None,,,,,MT01,001,2026-09-27_22h32.20.945,orient_discrim,2024.2.4,116.86116747251117,2026-09-27 22h32.31.447130 +0530,
62,0,62,0,down,0,0.48956720900059736,None,62,0,62,0,118.70632837500034,,,,,,,,,118.69727729199985,118.70632837500034,119.69451966700035,119.69451966700035,120.19108666699958,0,down,0,0.48956720900059736,None,,,,,MT01,001,2026-09-27_22h32.20.945,orient_discrim,2024.2.4,116.86116747251117,2026-09-27 22h32.31.447130 +0530,
63,0,63,3,down,1,0.8976113329999862,None,63,0,63,0,120.19992645799994,,,,,,,,,120.19153733300027,120.19992645799994,121.18896275000043,121.19502749999992,122.09107933300038,3,down,1,0.8976113329999862,None,,,,,MT01,001,2026-09-27_22h32.20.945,orient_discrim,2024.2.4,116.86116747251117,2026-09-27 22h32.31.447130 +0530,
64,0,64,4,down,1,0.701996541999506,None,64,0,64,0,122.10018800000034,,,,,,,,,122.09159629199985,122.10018800000034,123.08909962500002,123.09549725000034,123.79585220799981,4,down,1,0.701996541999506,None,,,,,MT01,001,2026-09-27_22h32.20.945,orient_discrim,2024.2.4,116.86116747251117,2026-09-27 22h32.31.447130 +0530,
65,0,65,-5,up,0,0.600740124999902,None,65,0,65,0,123.80536816699987,,,,,,,,,123.79623987499963,123.80536816699987,124.79480616700039,124.79480616700039,125.40805795800043,-5,up,0,0.600740124999902,None,,,,,MT01,001,2026-09-27_22h32.20.945,orient_discrim,2024.2.4,116.86116747251117,2026-09-27 22h32.31.447130 +0530,
66,0,66,0,up,1,0.7375067499997385,None,66,0,66,0,125.41651424999964,,,,,,,,,125.40840124999977,125.41651424999964,126.40566062499965,126.41180879199965,127.14593387500008,0,up,1,0.7375067499997385,None,,,,,MT01,001,2026-09-27_22h32.20.945,orient_discrim,2024.2.4,116.86116747251117,2026-09-27 22h32.31.447130 +0530,
67,0,67,3,down,1,0.5699667919998319,None,67,0,67,0,127.15547695799978,,,,,,,,,127.1463134579999,127.15547695799978,128.1461332079998,128.1461332079998,128.725011042,3,down,1,0.5699667919998319,None,,,,,MT01,001,2026-09-27_22h32.20.945,orient_discrim,2024.2.4,116.86116747251117,2026-09-27 22h32.31.447130 +0530,
68,0,68,0,up,1,0.5248672090001492,None,68,0,68,0,128.7343851249998,,,,,,,,,128.725443542,128.7343851249998,129.72272070800045,129.7293502499997,130.2587905829996,0,up,1,0.5248672090001492,None,,,,,MT01,001,2026-09-27_22h32.20.945,orient_discrim,2024.2.4,116.86116747251117,2026-09-27 22h32.31.447130 +0530,
69,0,69,0,down,0,1.0086763750005048,None,69,0,69,0,130.26834324999982,,,,,,,,,130.25928716700037,130.26834324999982,131.2568093330001,131.26314779200038,132.2757246250003,0,down,0,1.0086763750005048,None,,,,,MT01,001,2026-09-27_22h32.20.945,orient_discrim,2024.2.4,116.86116747251117,2026-09-27 22h32.31.447130 +0530,
70,0,70,0,up,1,0.9301517919993785,None,70,0,70,0,132.28494579200014,,,,,,,,,132.2761752079996,132.28494579200014,133.27271804199972,133.27877337500013,134.2082035829999,0,up,1,0.9301517919993785,None,,,,,MT01,001,2026-09-27_22h32.20.945,orient_discrim,2024.2.4,116.86116747251117,2026-09-27 22h32.31.447130 +0530,
71,0,71,1,down,1,0.6604158749996714,None,71,0,71,0,134.2174137080001,,,,,,,,,134.20867762499984,134.2174137080001,135.20596404200023,135.21188458300003,135.87520983299964,1,down,1,0.6604158749996714,None,,,,,MT01,001,2026-09-27_22h32.20.945,orient_discrim,2024.2.4,116.86116747251117,2026-09-27 22h32.31.447130 +0530,
72,0,72,0,down,0,0.7414553340004204,None,72,0,72,0,135.8839174169998,,,,,,,,,135.87562770800014,135.8839174169998,136.8726762919996,136.87926437500028,137.6254044999996,0,down,0,0.7414553340004204,None,,,,,MT01,001,2026-09-27_22h32.20.945,orient_discrim,2024.2.4,116.86116747251117,2026-09-27 22h32.31.447130 +0530,
73,0,73,0,down,0,1.1678715000007287,None,73,0,73,0,137.63495945799968,,,,,,,,,137.62592445799964,137.63495945799968,138.62335891699968,138.63099491699995,139.7983795,0,down,0,1.1678715000007287,None,,,,,MT01,001,2026-09-27_22h32.20.945,orient_discrim,2024.2.4,116.86116747251117,2026-09-27 22h32.31.447130 +0530,
74,0,74,0,down,0,1.0986501249999492,None,74,0,74,0,139.8229307499996,,,,,,,,,139.7989572919996,139.8229307499996,140.7967572079997,140.8109040420004,141.89857295799993,0,down,0,1.0986501249999492,None,,,,,MT01,001,2026-09-27_22h32.20.945,orient_discrim,2024.2.4,116.86116747251117,2026-09-27 22h32.31.447130 +0530,
75,0,75,0,up,1,0.6822974579999936,None,75,0,75,0,141.9231936670003,,,,,,,,,141.89898212499975,141.9231936670003,142.89772799999992,142.91132245799963,143.59241604199997,0,up,1,0.6822974579999936,None,,,,,MT01,001,2026-09-27_22h32.20.945,orient_discrim,2024.2.4,116.86116747251117,2026-09-27 22h32.31.447130 +0530,
76,0,76,0,up,1,0.8415734999998676,None,76,0,76,0,143.6015556250004,,,,,,,,,143.59285895799985,143.6015556250004,144.58973054200032,144.59638008300044,145.44231579200004,0,up,1,0.8415734999998676,None,,,,,MT01,001,2026-09-27_22h32.20.945,orient_discrim,2024.2.4,116.86116747251117,2026-09-27 22h32.31.447130 +0530,
77,0,77,0,up,1,0.645513999999821,None,77,0,77,0,145.4517205000002,,,,,,,,,145.44274516699988,145.4517205000002,146.43978287499976,146.44617612500042,147.09206008300043,0,up,1,0.645513999999821,None,,,,,MT01,001,2026-09-27_22h32.20.945,orient_discrim,2024.2.4,116.86116747251117,2026-09-27 22h32.31.447130 +0530,
78,0,78,0,up,1,0.7436935830000948,None,78,0,78,0,147.1002517500001,,,,,,,,,147.09243799999967,147.1002517500001,148.0902537920001,148.0962547500003,148.8424480419999,0,up,1,0.7436935830000948,None,,,,,MT01,001,2026-09-27_22h32.20.945,orient_discrim,2024.2.4,116.86116747251117,2026-09-27 22h32.31.447130 +0530,
79,0,79,-4,up,0,0.8519226250000429,None,79,0,79,0,148.85218133299986,,,,,,,,,148.8430744999996,148.85218133299986,149.8401469170003,149.84632862499984,150.6972344169999,-4,up,0,0.8519226250000429,None,,,,,MT01,001,2026-09-27_22h32.20.945,orient_discrim,2024.2.4,116.86116747251117,2026-09-27 22h32.31.447130 +0530,
80,0,80,0,up,1,1.0524885419999919,None,80,0,80,0,150.70654508299958,,,,,,,,,150.69766583300043,150.70654508299958,151.6959901250002,151.6959901250002,152.75961537500007,0,up,1,1.0524885419999919,None,,,,,MT01,001,2026-09-27_22h32.20.945,orient_discrim,2024.2.4,116.86116747251117,2026-09-27 22h32.31.447130 +0530,
81,0,81,4,down,1,0.7293776670003354,None,81,0,81,0,152.76939349999975,,,,,,,,,152.7601687919996,152.76939349999975,153.7567399999998,153.76275387500027,154.49340179200044,4,down,1,0.7293776670003354,None,,,,,MT01,001,2026-09-27_22h32.20.945,orient_discrim,2024.2.4,116.86116747251117,2026-09-27 22h32.31.447130 +0530,
82,0,82,4,down,1,0.4875813329999801,None,82,0,82,0,154.50239520800005,,,,,,,,,154.49383679200037,154.50239520800005,155.49005566699998,155.49599070800014,155.98067195800013,4,down,1,0.4875813329999801,None,,,,,MT01,001,2026-09-27_22h32.20.945,orient_discrim,2024.2.4,116.86116747251117,2026-09-27 22h32.31.447130 +0530,
83,0,83,4,down,1,0.5308113749997574,None,83,0,83,0,155.9896307500003,,,,,,,,,155.981063792,155.9896307500003,156.97984691700003,156.97984691700003,157.5159054579999,4,down,1,0.5308113749997574,None,,,,,MT01,001,2026-09-27_22h32.20.945,orient_discrim,2024.2.4,116.86116747251117,2026-09-27 22h32.31.447130 +0530,
84,0,84,3,down,1,0.5371182079998107,None,84,0,84,0,157.54063733299972,,,,,,,,,157.51641745800043,157.54063733299972,158.51331091700013,158.52889849999974,159.0594621250002,3,down,1,0.5371182079998107,None,,,,,MT01,001,2026-09-27_22h32.20.945,orient_discrim,2024.2.4,116.86116747251117,2026-09-27 22h32.31.447130 +0530,
85,0,85,0,up,1,0.7912565410006209,None,85,0,85,0,159.06911316700007,,,,,,,,,159.05991050000011,159.06911316700007,160.05712695800048,160.06334245800008,160.85948674999963,0,up,1,0.7912565410006209,None,,,,,MT01,001,2026-09-27_22h32.20.945,orient_discrim,2024.2.4,116.86116747251117,2026-09-27 22h32.31.447130 +0530,
86,0,86,3,down,1,0.8972186250002778,None,86,0,86,0,160.86839316700025,,,,,,,,,160.8598847080002,160.86839316700025,161.857162667,161.86370504200022,162.75954208300027,3,down,1,0.8972186250002778,None,,,,,MT01,001,2026-09-27_22h32.20.945,orient_discrim,2024.2.4,116.86116747251117,2026-09-27 22h32.31.447130 +0530,
87,0,87,0,down,0,0.8262641249993976,None,87,0,87,0,162.7692297499998,,,,,,,,,162.76004550000016,162.7692297499998,163.75720858299974,163.76449304200014,164.59270979200028,0,down,0,0.8262641249993976,None,,,,,MT01,001,2026-09-27_22h32.20.945,orient_discrim,2024.2.4,116.86116747251117,2026-09-27 22h32.31.447130 +0530,
88,0,88,0,down,0,1.1189571249997243,None,88,0,88,0,164.6016854999998,,,,,,,,,164.59312583300016,164.6016854999998,165.59051825000006,165.59663887500028,166.71590654200008,0,down,0,1.1189571249997243,None,,,,,MT01,001,2026-09-27_22h32.20.945,orient_discrim,2024.2.4,116.86116747251117,2026-09-27 22h32.31.447130 +0530,
89,0,89,4,down,1,0.7017096250001487,None,89,0,89,0,166.74108941699978,,,,,,,,,166.71640729200044,166.74108941699978,167.71364495800026,167.729183208,168.42630087500038,4,down,1,0.7017096250001487,None,,,,,MT01,001,2026-09-27_22h32.20.945,orient_discrim,2024.2.4,116.86116747251117,2026-09-27 22h32.31.447130 +0530,
90,0,90,3,down,1,0.8417813750002097,None,90,0,90,0,168.43519320799987,,,,,,,,,168.42668849999973,168.43519320799987,169.42490625000028,169.43160950000038,170.27749308300008,3,down,1,0.8417813750002097,None,,,,,MT01,001,2026-09-27_22h32.20.945,orient_discrim,2024.2.4,116.86116747251117,2026-09-27 22h32.31.447130 +0530,
91,0,91,-2,up,0,0.557419665999987,None,91,0,91,0,170.28692883300027,,,,,,,,,170.27819529200042,170.28692883300027,171.2744037499997,171.28049108300002,171.84306079199996,-2,up,0,0.557419665999987,None,,,,,MT01,001,2026-09-27_22h32.20.945,orient_discrim,2024.2.4,116.86116747251117,2026-09-27 22h32.31.447130 +0530,
92,0,92,2,up,0,1.0029691250001633,None,92,0,92,0,171.85163533299965,,,,,,,,,171.8435407500001,171.85163533299965,172.841627625,172.8478480419999,173.8486091249997,2,up,0,1.0029691250001633,None,,,,,MT01,001,2026-09-27_22h32.20.945,orient_discrim,2024.2.4,116.86116747251117,2026-09-27 22h32.31.447130 +0530,
93,0,93,0,up,1,1.0205634170006306,None,93,0,93,0,173.85741291700015,,,,,,,,,173.84896616700007,173.85741291700015,174.84650870800033,174.84650870800033,175.87606966699968,0,up,1,1.0205634170006306,None,,,,,MT01,001,2026-09-27_22h32.20.945,orient_discrim,2024.2.4,116.86116747251117,2026-09-27 22h32.31.447130 +0530,
94,0,94,-5,down,1,0.6018859160003558,None,94,0,94,0,175.88433454200003,,,,,,,,,175.87644916699992,175.88433454200003,176.8742570000004,176.88039141700028,177.48268758300037,-5,down,1,0.6018859160003558,None,,,,,MT01,001,2026-09-27_22h32.20.945,orient_discrim,2024.2.4,116.86116747251117,2026-09-27 22h32.31.447130 +0530,
95,0,95,4,down,1,0.7452000409994071,None,95,0,95,0,177.49188975000015,,,,,,,,,177.48316120799973,177.49188975000015,178.48086212500039,178.48086212500039,179.23132758300017,4,down,1,0.7452000409994071,None,,,,,MT01,001,2026-09-27_22h32.20.945,orient_discrim,2024.2.4,116.86116747251117,2026-09-27 22h32.31.447130 +0530,
96,0,96,-5,up,0,0.7465583339999284,None,96,0,96,0,179.2409040829998,,,,,,,,,179.23169895800038,179.2409040829998,180.23058466699968,180.23058466699968,180.98304087500037,-5,up,0,0.7465583339999284,None,,,,,MT01,001,2026-09-27_22h32.20.945,orient_discrim,2024.2.4,116.86116747251117,2026-09-27 22h32.31.447130 +0530,
97,0,97,0,up,1,0.7565637500001685,None,97,0,97,0,180.992194208,,,,,,,,,180.98343833299987,180.992194208,181.98089470800005,181.98089470800005,182.74353579200033,0,up,1,0.7565637500001685,None,,,,,MT01,001,2026-09-27_22h32.20.945,orient_discrim,2024.2.4,116.86116747251117,2026-09-27 22h32.31.447130 +0530,
98,0,98,0,up,1,0.7183980829995562,None,98,0,98,0,182.75242425000033,,,,,,,,,182.7438698750002,182.75242425000033,183.7416597499996,183.74847766699986,184.4650278750005,0,up,1,0.7183980829995562,None,,,,,MT01,001,2026-09-27_22h32.20.945,orient_discrim,2024.2.4,116.86116747251117,2026-09-27 22h32.31.447130 +0530,
99,0,99,0,up,1,0.6639689579997139,None,99,0,99,0,184.47461504199964,,,,,,,,,184.46545004200016,184.47461504199964,185.4640567919996,185.4640567919996,186.13210954199985,0,up,1,0.6639689579997139,None,,,,,MT01,001,2026-09-27_22h32.20.945,orient_discrim,2024.2.4,116.86116747251117,2026-09-27 22h32.31.447130 +0530,
,,,,,,,,,,,,,,,,,,,,,,,,,,,,,,,186.13245862500025,186.14468324999962,188.14195433300029,188.13073545800034,MT01,001,2026-09-27_22h32.20.945,orient_discrim,2024.2.4,116.86116747251117,2026-09-27 22h32.31.447130 +0530,
